ip,requests,unique_paths,avg_bytes,4xx_count,5xx_count,error_count,suspicious_path_hits,time_window_sec,req_per_sec,error_rate,log_requests,log_unique_paths,log_suspicious_path_hits,log_req_per_sec,anomaly_score,is_anomaly
192.168.1.13,3,3,128.0,3,0,3,2,2.0,1.5,1.0,1.3862943611198906,1.3862943611198906,1.0986122886681098,0.9162907318741551,-0.05953842672385257,1
192.168.1.10,2,2,1536.0,0,0,0,0,14.0,0.14285714285714285,0.0,1.0986122886681098,1.0986122886681098,0.0,0.13353139262452263,0.0,0
203.0.113.5,2,2,512.0,2,0,2,0,1.0,2.0,1.0,1.0986122886681098,1.0986122886681098,0.0,1.0986122886681098,0.06664238565640118,0
198.51.100.7,1,1,1024.0,0,0,0,0,1.0,1.0,0.0,0.6931471805599453,0.6931471805599453,0.0,0.6931471805599453,0.07932963328870174,0
192.168.1.12,1,1,256.0,1,0,1,1,1.0,1.0,1.0,0.6931471805599453,0.6931471805599453,0.6931471805599453,0.6931471805599453,0.09664889052249936,0
192.168.1.11,1,1,512.0,1,0,1,0,1.0,1.0,1.0,0.6931471805599453,0.6931471805599453,0.0,0.6931471805599453,0.14226618865066865,0
